{
  "rounds": [
    0,
    1,
    2,
    3,
    4,
    5
  ],
  "image_acc": [
    0.9231914893617021,
    0.9170212765957447,
    0.904468085106383,
    0.8910638297872341,
    0.9061702127659574,
    0.9140425531914894
  ],
  "ember_mean_conf": [
    0.6119924783706665,
    0.5992019772529602,
    0.5842359662055969,
    0.571235179901123,
    0.5580810308456421,
    0.5484293103218079
  ],
  "image_loss": [
    0.0,
    2.242658853530884,
    2.2511866092681885,
    2.46168851852417,
    2.6664209365844727,
    2.8019962310791016
  ],
  "ember_loss": [
    0.0,
    0.6565567255020142,
    0.6618135571479797,
    0.6653856635093689,
    0.6698732972145081,
    0.6737937927246094
  ],
  "best_round": 0,
  "best_image_acc": 0.9231914893617021,
  "baseline_image_acc": 0.9231914893617021,
  "improvement": 0.0,
  "config": {
    "num_rounds": 5,
    "local_epochs": 2,
    "batch_size": 16,
    "lr": 1e-05,
    "temperature": 3.0,
    "ember_samples": 5000
  }
}