{
  "round": [
    0.0,
    1.0,
    2.0,
    3.0,
    4.0,
    5.0,
    6.0,
    7.0,
    8.0,
    9.0,
    10.0
  ],
  "global_acc": [
    0.838936170212766,
    0.92,
    0.9238297872340425,
    0.9193617021276596,
    0.9229787234042554,
    0.9248936170212766,
    0.9257446808510639,
    0.9263829787234042,
    0.9251063829787234,
    0.9234042553191489,
    0.9231914893617021
  ],
  "client3_train_acc": [
    0.838936170212766,
    0.9331704378128052,
    0.9431159496307373,
    0.9505738019943237,
    0.9555182456970215,
    0.9591333270072937,
    0.9619594216346741,
    0.9642540216445923,
    0.9663781523704529,
    0.9682425856590271,
    0.9696991443634033
  ],
  "client4_train_acc": [
    0.8825531914893617,
    0.9216848015785217,
    0.9341331124305725,
    0.9431648850440979,
    0.9495100378990173,
    0.9539361000061035,
    0.957315981388092,
    0.9602164030075073,
    0.9626719951629639,
    0.9647738337516785,
    0.9666591286659241
  ],
  "centralized_acc": 0.8927659574468085,
  "client3_local_acc": 0.838936170212766,
  "client4_local_acc": 0.8825531914893617,
  "federated_final_acc": 0.9231914893617021,
  "fl_config": {
    "num_rounds": 10,
    "local_epochs": 5,
    "batch_size": 16,
    "learning_rate": 0.0001
  }
}