{
  "iid": {
    "rounds": [
      0.0,
      1.0,
      2.0,
      3.0,
      4.0,
      5.0,
      6.0,
      7.0,
      8.0,
      9.0,
      10.0
    ],
    "global_acc": [
      0.838936170212766,
      0.92,
      0.9238297872340425,
      0.9193617021276596,
      0.9229787234042554,
      0.9248936170212766,
      0.9257446808510639,
      0.9263829787234042,
      0.9251063829787234,
      0.9234042553191489,
      0.9231914893617021
    ],
    "final_acc": 0.9231914893617021,
    "c3_local_acc": 0.838936170212766,
    "c4_local_acc": 0.8825531914893617
  },
  "niid": {
    "rounds": [
      0,
      1,
      2,
      3,
      4,
      5,
      6,
      7,
      8,
      9,
      10
    ],
    "global_acc": [
      0.8389361500740051,
      0.9119148850440979,
      0.9189361929893494,
      0.9234042763710022,
      0.9242553114891052,
      0.9274467825889587,
      0.9217021465301514,
      0.9225531816482544,
      0.9221276640892029,
      0.9255319237709045,
      0.9200000166893005
    ],
    "final_acc": 0.9200000166893005,
    "c3_local_acc": 0.838936170212766,
    "c4_local_acc": 0.8827659574468085
  }
}